{
  "model": "proposed",
  "seeds": [
    0,
    1,
    2
  ],
  "accuracy": {
    "mean": 0.8830079316656497,
    "std": 0.009173082444920034,
    "values": [
      0.8898718730933496,
      0.8891092129347163,
      0.8700427089688835
    ]
  },
  "macro_f1": {
    "mean": 0.8030010881076706,
    "std": 0.007142460213372344,
    "values": [
      0.8118129875259007,
      0.8028712263690794,
      0.7943190504280319
    ]
  },
  "weighted_f1": {
    "mean": 0.897209981404286,
    "std": 0.005195013930742701,
    "values": [
      0.9023310516502906,
      0.8992115986529754,
      0.8900872939095922
    ]
  },
  "per_class_f1": {
    "Accessories": {
      "mean": 0.627275736511089,
      "std": 0.1158320304993227,
      "values": [
        0.5660377358490566,
        0.5263157894736842,
        0.7894736842105263
      ]
    },
    "Apparel Set": {
      "mean": 0.7873477297895902,
      "std": 0.06198188902687482,
      "values": [
        0.875,
        0.7441860465116279,
        0.7428571428571429
      ]
    },
    "Bags": {
      "mean": 0.9090066176391464,
      "std": 0.0025152588977604843,
      "values": [
        0.905788876276958,
        0.9119286510590858,
        0.9093023255813953
      ]
    },
    "Belts": {
      "mean": 0.9823004644772473,
      "std": 0.0020369228966645066,
      "values": [
        0.9794238683127572,
        0.9838709677419355,
        0.9836065573770492
      ]
    },
    "Bottomwear": {
      "mean": 0.8985698111640303,
      "std": 0.04129568031747455,
      "values": [
        0.9280397022332506,
        0.8401697312588402,
        0.9275
      ]
    },
    "Cufflinks": {
      "mean": 0.9777777777777779,
      "std": 0.03142696805273544,
      "values": [
        1.0,
        0.9333333333333333,
        1.0
      ]
    },
    "Dress": {
      "mean": 0.42960256282917136,
      "std": 0.03877204957858309,
      "values": [
        0.41843971631205673,
        0.4816753926701571,
        0.38869257950530034
      ]
    },
    "Eyewear": {
      "mean": 0.9845381075979236,
      "std": 0.004408321230608581,
      "values": [
        0.9907692307692307,
        0.98125,
        0.9815950920245399
      ]
    },
    "Flip Flops": {
      "mean": 0.7742895161039618,
      "std": 0.012025617955970083,
      "values": [
        0.7574750830564784,
        0.7804878048780488,
        0.7849056603773585
      ]
    },
    "Fragrance": {
      "mean": 0.9502864440795475,
      "std": 0.006886091135313421,
      "values": [
        0.9448275862068966,
        0.946031746031746,
        0.96
      ]
    },
    "Free Gifts": {
      "mean": 0.13130604288499026,
      "std": 0.039684856127458014,
      "values": [
        0.16,
        0.15873015873015872,
        0.07518796992481203
      ]
    },
    "Headwear": {
      "mean": 0.755870662991406,
      "std": 0.03736755722673336,
      "values": [
        0.8080808080808081,
        0.7368421052631579,
        0.7226890756302521
      ]
    },
    "Innerwear": {
      "mean": 0.8209154578980918,
      "std": 0.05438924608532825,
      "values": [
        0.8345070422535211,
        0.7485549132947977,
        0.8796844181459567
      ]
    },
    "Jewellery": {
      "mean": 0.9234888623355548,
      "std": 0.04698156587252095,
      "values": [
        0.9655172413793104,
        0.9470404984423676,
        0.8579088471849866
      ]
    },
    "Lips": {
      "mean": 0.8799739822467094,
      "std": 0.00631788321407743,
      "values": [
        0.8760330578512396,
        0.8888888888888888,
        0.875
      ]
    },
    "Loungewear and Nightwear": {
      "mean": 0.6093439979630125,
      "std": 0.08062124378956419,
      "values": [
        0.6756756756756757,
        0.49586776859504134,
        0.6564885496183206
      ]
    },
    "Makeup": {
      "mean": 0.8145344087941099,
      "std": 0.021796352196499457,
      "values": [
        0.7872340425531915,
        0.8405797101449275,
        0.8157894736842105
      ]
    },
    "Nails": {
      "mean": 0.9367174044593399,
      "std": 0.023698616278008355,
      "values": [
        0.9032258064516129,
        0.9523809523809523,
        0.9545454545454546
      ]
    },
    "Sandal": {
      "mean": 0.6617650031761868,
      "std": 0.08564413051347608,
      "values": [
        0.6435643564356436,
        0.7745664739884393,
        0.5671641791044776
      ]
    },
    "Saree": {
      "mean": 0.9477773536895674,
      "std": 0.010286353407462782,
      "values": [
        0.944,
        0.9618320610687023,
        0.9375
      ]
    },
    "Scarves": {
      "mean": 0.3556941008301721,
      "std": 0.1091559881352293,
      "values": [
        0.44,
        0.425531914893617,
        0.20155038759689922
      ]
    },
    "Shoes": {
      "mean": 0.9325965842474497,
      "std": 0.019694739670465894,
      "values": [
        0.9192364170337739,
        0.9604415823367065,
        0.918111753371869
      ]
    },
    "Socks": {
      "mean": 0.9124062632180228,
      "std": 0.01576749796566952,
      "values": [
        0.8918918918918919,
        0.9302325581395349,
        0.9150943396226415
      ]
    },
    "Ties": {
      "mean": 0.9823391812865497,
      "std": 0.00611998851553269,
      "values": [
        0.9866666666666667,
        0.9736842105263158,
        0.9866666666666667
      ]
    },
    "Topwear": {
      "mean": 0.9294933642527008,
      "std": 0.005632569005159062,
      "values": [
        0.9371325192220714,
        0.9237189891027128,
        0.9276285844333182
      ]
    },
    "Wallets": {
      "mean": 0.8635646501074469,
      "std": 0.017040335007181287,
      "values": [
        0.8409893992932862,
        0.8821548821548821,
        0.8675496688741722
      ]
    },
    "Watches": {
      "mean": 0.9022472905563106,
      "std": 0.05815934284380717,
      "values": [
        0.9393939393939394,
        0.9472259810554804,
        0.8201219512195121
      ]
    }
  },
  "per_class_support": {
    "Accessories": 19,
    "Apparel Set": 16,
    "Bags": 458,
    "Belts": 122,
    "Bottomwear": 403,
    "Cufflinks": 16,
    "Dress": 71,
    "Eyewear": 161,
    "Flip Flops": 137,
    "Fragrance": 150,
    "Free Gifts": 16,
    "Headwear": 44,
    "Innerwear": 271,
    "Jewellery": 162,
    "Lips": 64,
    "Loungewear and Nightwear": 70,
    "Makeup": 39,
    "Nails": 42,
    "Sandal": 144,
    "Saree": 64,
    "Scarves": 18,
    "Shoes": 1098,
    "Socks": 105,
    "Ties": 38,
    "Topwear": 2307,
    "Wallets": 139,
    "Watches": 382
  },
  "class_names": [
    "Accessories",
    "Apparel Set",
    "Bags",
    "Belts",
    "Bottomwear",
    "Cufflinks",
    "Dress",
    "Eyewear",
    "Flip Flops",
    "Fragrance",
    "Free Gifts",
    "Headwear",
    "Innerwear",
    "Jewellery",
    "Lips",
    "Loungewear and Nightwear",
    "Makeup",
    "Nails",
    "Sandal",
    "Saree",
    "Scarves",
    "Shoes",
    "Socks",
    "Ties",
    "Topwear",
    "Wallets",
    "Watches"
  ],