{
  "model": "image_classifier",
  "seeds": [
    0,
    1,
    2
  ],
  "accuracy": {
    "mean": 0.9306996135855196,
    "std": 0.0003134235307590674,
    "values": [
      0.9310555216595485,
      0.9307504575960952,
      0.9302928615009152
    ]
  },
  "macro_f1": {
    "mean": 0.8543489608063325,
    "std": 0.002053114622143429,
    "values": [
      0.8542500671146769,
      0.8518853249822503,
      0.8569114903220703
    ]
  },
  "weighted_f1": {
    "mean": 0.9354370370583305,
    "std": 5.3032947646035336e-05,
    "values": [
      0.9354394143531903,
      0.9355007676041788,
      0.9353709292176222
    ]
  },
  "per_class_f1": {
    "Accessories": {
      "mean": 0.7766122766122767,
      "std": 0.04361252135112273,
      "values": [
        0.7272727272727273,
        0.7692307692307693,
        0.8333333333333334
      ]
    },
    "Apparel Set": {
      "mean": 0.7589654170299331,
      "std": 0.04115509692057543,
      "values": [
        0.7741935483870968,
        0.7027027027027027,
        0.8
      ]
    },
    "Bags": {
      "mean": 0.9244857865086726,
      "std": 0.005319633216267518,
      "values": [
        0.9195402298850575,
        0.9318681318681319,
        0.9220489977728286
      ]
    },
    "Belts": {
      "mean": 0.9959294286820418,
      "std": 0.003319101008235836,
      "values": [
        0.991869918699187,
        0.9959183673469387,
        1.0
      ]
    },
    "Bottomwear": {
      "mean": 0.9357162145761588,
      "std": 0.0015515122406734472,
      "values": [
        0.9374201787994891,
        0.9336670838548186,
        0.9360613810741688
      ]
    },
    "Cufflinks": {
      "mean": 0.9684139784946236,
      "std": 0.02551994293823592,
      "values": [
        0.967741935483871,
        1.0,
        0.9375
      ]
    },
    "Dress": {
      "mean": 0.484575296000978,
      "std": 0.04229019155591612,
      "values": [
        0.5436893203883495,
        0.44715447154471544,
        0.462882096069869
      ]
    },
    "Eyewear": {
      "mean": 0.9907120743034056,
      "std": 0.0,
      "values": [
        0.9907120743034056,
        0.9907120743034056,
        0.9907120743034056
      ]
    },
    "Flip Flops": {
      "mean": 0.8227021594297327,
      "std": 0.012244296763584777,
      "values": [
        0.8327137546468402,
        0.8054607508532423,
        0.8299319727891157
      ]
    },
    "Fragrance": {
      "mean": 0.9535450048805098,
      "std": 0.004613518026502234,
      "values": [
        0.9494949494949495,
        0.96,
        0.9511400651465798
      ]
    },
    "Free Gifts": {
      "mean": 0.26658280922431865,
      "std": 0.04752446224189145,
      "values": [
        0.22641509433962265,
        0.3333333333333333,
        0.24
      ]
    },
    "Headwear": {
      "mean": 0.9067559138110483,
      "std": 0.027162125509461586,
      "values": [
        0.9213483146067416,
        0.9302325581395349,
        0.8686868686868687
      ]
    },
    "Innerwear": {
      "mean": 0.9282358557742825,
      "std": 0.0035499754613438315,
      "values": [
        0.9242144177449169,
        0.9328493647912885,
        0.9276437847866419
      ]
    },
    "Jewellery": {
      "mean": 0.9404162934008687,
      "std": 0.026538045406600177,
      "values": [
        0.9054441260744985,
        0.9461077844311377,
        0.9696969696969697
      ]
    },
    "Lips": {
      "mean": 0.9139111094085376,
      "std": 0.014244458567093323,
      "values": [
        0.8976377952755905,
        0.9117647058823529,
        0.9323308270676691
      ]
    },
    "Loungewear and Nightwear": {
      "mean": 0.6675235144976779,
      "std": 0.025068256888879335,
      "values": [
        0.6962025316455697,
        0.6712328767123288,
        0.6351351351351351
      ]
    },
    "Makeup": {
      "mean": 0.7894341367551009,
      "std": 0.047118414081832295,
      "values": [
        0.7848101265822784,
        0.7341772151898734,
        0.8493150684931506
      ]
    },
    "Nails": {
      "mean": 0.9649763353617309,
      "std": 0.0003824783130150489,
      "values": [
        0.9647058823529412,
        0.9655172413793104,
        0.9647058823529412
      ]
    },
    "Sandal": {
      "mean": 0.8104963935323082,
      "std": 0.0024463290155114716,
      "values": [
        0.8072289156626506,
        0.8131147540983606,
        0.8111455108359134
      ]
    },
    "Saree": {
      "mean": 0.9436625318066157,
      "std": 0.009144229171947264,
      "values": [
        0.953125,
        0.9465648854961832,
        0.9312977099236641
      ]
    },
    "Scarves": {
      "mean": 0.6315690690690691,
      "std": 0.0649263772745525,
      "values": [
        0.6666666666666666,
        0.5405405405405406,
        0.6875
      ]
    },
    "Shoes": {
      "mean": 0.9630753535070995,
      "std": 0.0018441708341895048,
      "values": [
        0.9624478442280946,
        0.9655813953488372,
        0.9611968209443665
      ]
    },
    "Socks": {
      "mean": 0.9388659595556147,
      "std": 0.007827915467550038,
      "values": [
        0.9458128078817734,
        0.9428571428571428,
        0.9279279279279279
      ]
    },
    "Ties": {
      "mean": 0.9774124809741248,
      "std": 0.013087394915111785,
      "values": [
        0.9866666666666667,
        0.9866666666666667,
        0.958904109589041
      ]
    },
    "Topwear": {
      "mean": 0.9625390763304374,
      "std": 0.0033600908858941554,
      "values": [
        0.9660643455266638,
        0.9580169718624386,
        0.96353591160221
      ]
    },
    "Wallets": {
      "mean": 0.8846742544594605,
      "std": 0.01836400751039741,
      "values": [
        0.8616352201257862,
        0.9065743944636678,
        0.8858131487889274
      ]
    },
    "Watches": {
      "mean": 0.965633217784348,
      "std": 0.009512535002763629,
      "values": [
        0.9596774193548387,
        0.9790575916230366,
        0.9581646423751687
      ]
    }
  },
  "per_class_support": {
    "Accessories": 19,
    "Apparel Set": 16,
    "Bags": 458,
    "Belts": 122,
    "Bottomwear": 403,
    "Cufflinks": 16,
    "Dress": 71,
    "Eyewear": 161,
    "Flip Flops": 137,
    "Fragrance": 150,
    "Free Gifts": 16,
    "Headwear": 44,
    "Innerwear": 271,
    "Jewellery": 162,
    "Lips": 64,
    "Loungewear and Nightwear": 70,
    "Makeup": 39,
    "Nails": 42,
    "Sandal": 144,
    "Saree": 64,
    "Scarves": 18,
    "Shoes": 1098,
    "Socks": 105,
    "Ties": 38,
    "Topwear": 2307,
    "Wallets": 139,
    "Watches": 382
  },
  "class_names": [
    "Accessories",
    "Apparel Set",
    "Bags",
    "Belts",
    "Bottomwear",
    "Cufflinks",
    "Dress",
    "Eyewear",
    "Flip Flops",
    "Fragrance",
    "Free Gifts",
    "Headwear",
    "Innerwear",
    "Jewellery",
    "Lips",
    "Loungewear and Nightwear",
    "Makeup",
    "Nails",
    "Sandal",
    "Saree",
    "Scarves",
    "Shoes",
    "Socks",
    "Ties",
    "Topwear",
    "Wallets",
    "Watches"
  ],