{
  "n_queries": 1000,
  "ks": [
    5,
    10
  ],
  "category_signal": "true",
  "relevance_proxy": "same articleType and gender (content-based; no interaction data)",
  "baseline": {
    "name": "popularity_baseline",
    "metrics": {
      "precision@5": {
        "mean": 0.32539999999999997,
        "std": 0.4502386478302368
      },
      "precision@10": {
        "mean": 0.30770000000000003,
        "std": 0.42531248512123415
      },
      "recall@5": {
        "mean": 0.002947144459767657,
        "std": 0.008349171960430174
      },
      "recall@10": {
        "mean": 0.006007758369561524,
        "std": 0.01628846769223511
      },
      "ndcg@5": {
        "mean": 0.3201922506088585,
        "std": 0.4479181571583277
      },
      "ndcg@10": {
        "mean": 0.3093879621574028,
        "std": 0.42609607560356805
      }
    }
  },
  "proposed": {
    "name": "hybrid_proposed",
    "metrics": {
      "precision@5": {
        "mean": 0.8982,
        "std": 0.22750112087635962
      },
      "precision@10": {
        "mean": 0.873,
        "std": 0.23321878140492885
      },
      "recall@5": {
        "mean": 0.021679971589699327,
        "std": 0.07534126794469333
      },
      "recall@10": {
        "mean": 0.03696397982165831,
        "std": 0.10252451094630198
      },
      "ndcg@5": {
        "mean": 0.9059337574371823,
        "std": 0.21706499451803776
      },
      "ndcg@10": {
        "mean": 0.8880542600993164,
        "std": 0.21677335366636974
      }
    }
  }
}